,text,start_token,end_token
0,阿Ｑ,0,1
1,阿Ｑ,8,9
5,阿Ｑ,85,86
6,孔子,121,122
11,阿Ｑ,209,210
12,阿Ｑ,230,231
13,阿Ｑ,242,243
17,博徒,268,269
19,博徒,283,284
20,阿Ｑ,315,316
21,阿Ｑ,334,335
27,阿Ｑ,478,479
28,赵,490,491
30,赵,501,502
31,阿Ｑ,519,520
33,赵,542,543
36,地保,578,579
37,阿Ｑ,581,582
38,赵,583,584
39,阿Ｑ,599,600
40,阿Ｑ,616,617
41,赵,620,621
43,赵,649,650
44,阿Ｑ,653,654
45,赵,662,663
46,赵,679,680
47,赵,686,687
48,阿Ｑ,689,690
49,赵,696,697
50,地保,706,707
51,地保,714,715
52,地保,722,723
54,阿Ｑ,733,734
55,赵,745,746
56,赵,750,751
57,赵,753,754
58,阿Ｑ,781,782
59,阿Ｑ,792,793
61,阿桂,873,874
62,阿贵,875,876
63,月亭,881,882
65,阿桂,894,895
66,阿桂,924,925
67,阿富,940,941
68,阿贵,945,946
69,阿贵,957,958
70,赵,984,985
71,茂才,988,989
73,博雅,995,996
74,陈独秀,1010,1011
77,阿Ｑ,1045,1046
78,阿Ｑｕｅｉ,1064,1065
81,阿Ｑ,1120,1121
83,茂才公,1136,1138
84,阿Ｑ,1154,1155
85,赵,1162,1163
92,胡适之,1306,1307
94,阿Ｑ,1328,1329
96,阿Ｑ,1351,1352
99,阿Ｑ,1379,1380
100,阿Ｑ,1401,1402
101,阿Ｑ,1437,1438
105,阿Ｑ,1508,1509
106,阿Ｑ,1528,1529
107,阿Ｑ,1554,1555
108,阿Ｑ,1561,1562
109,阿Ｑ,1587,1588
110,阿Ｑ,1591,1592
114,文童,1627,1628
115,赵,1638,1639
116,钱,1640,1641
117,文童,1656,1657
118,阿Ｑ,1661,1662
119,阿Ｑ,1691,1692
124,阿Ｑ,1805,1806
125,阿Ｑ,1871,1872
126,阿Ｑ,1938,1939
127,阿Ｑ,1976,1977
128,Ｑ,1998,1999
130,阿Ｑ,2032,2033
131,阿Ｑ,2056,2057
132,阿Ｑ,2110,2111
133,阿Ｑ,2148,2149
135,阿Ｑ,2180,2181
136,阿Ｑ,2214,2215
137,阿Ｑ,2231,2232
138,阿Ｑ,2268,2269
139,阿Ｑ,2290,2291
143,阿Ｑ,2365,2366
145,阿Ｑ,2379,2380
150,季孤,2436,2437
151,阿Ｑ,2437,2438
155,阿Ｑ,2505,2506
158,桩家,2530,2531
159,阿Ｑ,2556,2557
161,阿Ｑ,2571,2572
165,阿Ｑ,2640,2641
170,阿Ｑ,2688,2689
